pkoakwood,whereburied
1358,Strangers Grounds grave by city
1633,Strangers Grounds on his lot
1991,Pauper Grounds
2477,Strangers Grounds lot 85
5619,Pauper Grounds
5630,Pauper Grounds
5648,Pauper Grounds
5666,Pauper Grounds
5667,Pauper Grounds
5668,Pauper Grounds
5672,Pauper Grounds
5674,Pauper Grounds
5685,Pauper Grounds
5686,Pauper Grounds
5689,Pauper Grounds
5691,Pauper Grounds
5692,Pauper Grounds
5697,Pauper Grounds
5698,Pauper Grounds
5704,Pauper Grounds
5708,Pauper Grounds
5719,Pauper Grounds
5724,Pauper Grounds
5736,Pauper Grounds
5739,Pauper Grounds
5741,Pauper Grounds
5742,Pauper Grounds
5748,Pauper Grounds
5752,Pauper Grounds
5756,Pauper Grounds
5760,Pauper Grounds
5769,Pauper Grounds
5770,Pauper Grounds
5773,Pauper Grounds
5780,Pauper Grounds
5786,Pauper Grounds
5787,Pauper Grounds
5788,Pauper Grounds
5794,Pauper Grounds
5797,Pauper Grounds
5799,Pauper Grounds
5804,Pauper Grounds
5806,Pauper Grounds
5807,Pauper Grounds
5812,Pauper Grounds
5817,Pauper Grounds
5818,Pauper Grounds
5819,Pauper Grounds
5820,Pauper Grounds
5825,Pauper Grounds
5830,Pauper Grounds
5831,Pauper Grounds
5833,Pauper Grounds
5843,Pauper Grounds
5850,Pauper Grounds
5859,Pauper Grounds
5865,Pauper Grounds
5869,Pauper Grounds
5870,Pauper Grounds
5872,Pauper Grounds
5873,Pauper Grounds
5875,Pauper Grounds
5880,Pauper Grounds
5881,Pauper Grounds
5882,Pauper Grounds
5885,Pauper Grounds
5906,Pauper Grounds
5907,Pauper Grounds
5915,Pauper Grounds
5925,Pauper Grounds
5929,Pauper Grounds
5940,Pauper Grounds
5950,Pauper Grounds
5953,Pauper Grounds
5963,Pauper Grounds
5968,Pauper Grounds
5969,Pauper Grounds
5973,Pauper Grounds
5975,Pauper Grounds
5976,Pauper Grounds
5977,Pauper Grounds
5987,Pauper Grounds
5988,Pauper Grounds
5990,Pauper Grounds
5992,Pauper Grounds
6015,Pauper Grounds
6016,Pauper Grounds
6022,Pauper Grounds
6215,Pauper Grounds
6216,Pauper Grounds
6219,Pauper Grounds
6221,Pauper Grounds
6224,Pauper Grounds
6236,Pauper Grounds
6242,Pauper Grounds
6245,Pauper Grounds
6249,Pauper Grounds
6253,Pauper Grounds
6259,Pauper Grounds
6298,Pauper Grounds
6302,Pauper Grounds
6303,Pauper Grounds
6307,Pauper Grounds
6318,Pauper Grounds
6323,Pauper Grounds
6329,Pauper Grounds
6335,Pauper Grounds
6344,Pauper Grounds
6345,Pauper Grounds
6346,Pauper Grounds
6348,Pauper Grounds
6352,Pauper Grounds
6361,Pauper Grounds
6363,Pauper Grounds
6369,Pauper Grounds
6377,Pauper Grounds
6386,Pauper Grounds
6407,Pauper Grounds
6450,Pauper Grounds
6455,Pauper Grounds
6460,Pauper Grounds
6469,Pauper Grounds
6471,Pauper Grounds
6474,Pauper Grounds
6477,Pauper Grounds
6479,Pauper Grounds
6480,Pauper Grounds
6483,Pauper Grounds
6485,Pauper Grounds
6487,Pauper Grounds
6490,Pauper Grounds
6491,Pauper Grounds
6494,Pauper Grounds
6497,Pauper Grounds
6499,Pauper Grounds
6503,Pauper Grounds
6508,Pauper Grounds
6513,Pauper Grounds
6524,Pauper Grounds
6527,Pauper Grounds
6555,Pauper Grounds
6611,Pauper Grounds
6615,Pauper Grounds
6623,Pauper Grounds
6664,Pauper Grounds
6665,Pauper Grounds
6668,Pauper Grounds
6675,Pauper Grounds
6676,Pauper Grounds
6682,Pauper Grounds
6695,Pauper Grounds
6696,Pauper Grounds
6699,Pauper Grounds
6722,Pauper Grounds
6928,Pauper Grounds
15670,State Cemetery
15682,State Cemetery
